MM,LL
1,-3.907082021
2,-3.233275391
3,-2.71913657
4,-1.985590275
5,-1.591077244
6,-1.198890324
7,-0.5653403689
8,-0.1210196946